user_id,name,address,phone_number,email,product_id
C000000,Rickey Shanahan,337 Eichmann Locks,1-615-598-8649 x975,Jessy@myra.net,P000001
C000001,Shea Boehm,3343 Sallie Gateway,508.104.0644 x4976,Alexander.Weber@monroe.com,P000003
C000002,Blanca Bashirian,0193 Malvina Lake,(240)014-9496 x08349,Joana_Nienow@guy.org,P000004
C000003,Elfrieda Skiles,3180 Mose Row,(839)825-0058,Mylene_Smitham@hannah.co.uk,P000003
C000004,Mittie Turner,996 Lorenza Points,1-324-023-8861 x025,Clair_Bergstrom@rylan.io,P000004
C000005,Nicole Wisozk,0170 Kuphal Knoll,(731)775-3683 x45318,Hudson.Witting@mia.us,P000001
C000008,Faye Gusikowski,329 Maye Wall,201.358.6143,Lelia_Wunsch@maximo.biz,P000001
C000009,Nikko Homenick,5348 Harªann Haven,1-291-283-6287 x42360,Hans@camren.tv,P000002
C000010,Ruthe Batz,186 Theodora Parkway,1-642-296-4711 x359,Oren@sheridan.name,P000005